,vehicle_id,technology,actual_price,recommended_price,num_images,street_parked,description,reservation_type_1,reservation_type_2,reservation_type_3,total_reservations
0,1,1,67.85,59,5,0,7,1,0,0,1
1,2,0,100.7,53,5,0,224,4,3,0,7
2,3,0,74.0,74,4,1,21,1,9,7,17
3,4,0,135.0,75,1,0,184,1,0,1,2
4,5,0,59.36,53,2,1,31,0,1,1,2
5,6,0,82.15,53,5,1,44,4,4,5,13
6,8,0,98.56,88,5,1,174,2,2,4,8
7,9,1,69.96,44,4,1,32,7,2,2,11
8,10,0,98.04,76,4,1,204,5,2,2,9
9,11,0,123.08,68,2,0,46,1,2,1,4
10,12,0,128.0,64,2,1,227,1,2,1,4
11,14,0,104.5,55,1,1,213,1,2,0,3
12,15,0,142.56,81,3,0,36,2,0,3,5
13,16,0,55.66,46,2,0,204,0,2,0,2
14,17,0,43.46,53,5,1,132,1,1,3,5
15,18,0,82.08,54,5,0,244,4,2,1,7
16,19,0,109.98,78,2,0,156,2,1,0,3
17,20,0,99.4,71,3,0,12,5,3,4,12
18,21,1,64.0,50,1,0,35,5,3,1,9
19,22,1,55.2,46,4,0,10,6,2,5,13
20,23,1,70.04,68,3,1,233,1,2,2,5
21,24,0,111.78,69,5,1,16,1,0,1,2
22,25,0,116.44,71,4,0,230,4,5,2,11
23,26,0,97.92,51,5,1,233,5,5,3,13
24,27,0,60.5,50,5,1,181,4,4,6,14
25,28,1,51.45,49,1,0,52,4,9,6,19
26,29,0,77.88,44,4,1,85,5,0,4,9
27,30,0,100.34,58,4,0,29,5,4,2,11
28,31,0,87.88,52,2,1,33,1,0,2,3
29,32,0,136.5,75,5,0,214,2,2,2,6
30,34,0,90.0,75,5,0,58,3,3,1,7
31,35,0,117.03,83,5,1,44,3,5,2,10
32,36,0,74.97,63,5,0,43,0,0,1,1
33,37,1,53.32,43,2,0,43,3,2,1,6
34,38,0,86.24,44,4,0,69,1,4,0,5
35,39,1,64.98,57,2,1,231,3,4,3,10
36,40,0,116.44,71,4,0,165,2,5,1,8
37,41,0,74.93,59,5,1,106,2,2,1,5
38,42,0,112.2,68,2,1,9,0,1,3,4
39,43,1,67.94,79,3,0,179,3,0,0,3
40,44,0,95.81,67,5,0,83,1,1,0,2
41,46,0,89.46,71,2,1,47,1,5,4,10
42,47,0,93.6,80,4,1,22,4,3,3,10
43,48,1,53.82,39,2,0,233,4,4,2,10
44,49,0,162.68,83,4,0,23,2,2,4,8
45,50,0,99.44,88,2,0,183,5,4,4,13
46,51,1,57.0,57,1,0,57,7,4,5,16
47,52,0,59.92,56,4,0,12,3,1,2,6
48,53,0,90.95,85,2,1,43,1,0,3,4
49,54,0,52.92,36,3,0,19,3,2,1,6
50,55,0,61.92,43,3,1,117,1,1,1,3
51,56,0,102.75,75,3,0,241,6,3,2,11
52,57,0,72.54,62,4,1,34,3,2,5,10
53,58,0,154.84,79,2,0,245,1,0,0,1
54,59,0,75.46,77,5,0,24,5,8,5,18
55,60,0,146.96,88,5,0,205,4,1,2,7
56,61,0,164.34,83,2,0,153,1,0,1,2
57,62,1,50.4,42,5,0,115,7,2,3,12
58,63,0,85.32,79,2,0,62,4,9,4,17
59,64,0,121.44,88,2,0,83,2,1,1,4
60,65,0,122.84,83,1,0,122,0,0,2,2
61,66,1,49.28,56,4,1,237,8,5,6,19
62,67,0,100.8,70,2,0,18,1,1,1,3
63,68,0,119.29,79,2,1,247,0,1,3,4
64,69,0,37.74,37,5,1,130,6,7,4,17
65,70,1,40.33,37,4,1,172,7,2,4,13
66,71,0,96.94,74,5,1,24,7,2,1,10
67,72,0,121.04,89,1,0,36,2,0,0,2
68,73,0,75.97,71,4,1,195,2,4,4,10
69,74,0,71.28,54,5,1,218,0,1,0,1
70,75,1,65.5,50,2,0,149,3,0,0,3
71,76,0,63.94,46,2,0,9,1,3,0,4
72,77,1,53.0,50,3,1,233,8,7,5,20
73,78,0,139.62,78,3,0,60,1,0,2,3
74,79,0,70.4,40,1,0,157,1,0,1,2
75,80,0,114.54,83,2,0,32,0,1,0,1
76,81,0,148.63,89,4,0,7,1,1,1,3
77,82,0,144.0,80,2,0,219,1,2,2,5
78,83,0,90.75,75,4,0,184,2,5,1,8
79,84,0,113.23,67,4,1,24,2,4,2,8
80,85,0,116.25,75,2,0,47,0,1,3,4
81,87,0,53.58,47,3,0,43,1,1,1,3
82,88,1,46.55,35,4,0,78,7,4,2,13
83,89,0,109.35,81,1,0,17,1,0,2,3
84,90,0,125.8,68,1,1,38,1,1,1,3
85,91,1,62.92,44,1,1,189,2,1,2,5
86,92,0,116.44,82,4,1,17,2,1,1,4
87,93,1,54.12,66,5,1,57,9,3,5,17
88,94,0,65.49,37,3,1,43,2,1,4,7
89,95,0,102.2,73,4,1,74,1,3,2,6
90,96,0,92.8,58,5,1,6,2,3,5,10
91,97,0,84.48,64,4,0,243,1,2,2,5
92,98,0,119.93,67,2,1,68,1,0,2,3
93,99,1,47.88,38,1,0,65,2,1,6,9
94,100,0,112.64,88,4,1,7,3,3,3,9
95,102,0,92.16,72,3,0,232,3,2,3,8
96,103,0,79.2,45,1,0,147,1,0,0,1
97,105,0,103.68,72,1,0,28,1,3,1,5
98,106,1,52.2,60,3,1,17,8,5,4,17
99,107,0,117.48,89,3,0,7,1,3,1,5
100,108,0,152.8,80,5,0,41,4,3,3,10
101,109,0,128.16,89,5,1,174,2,4,3,9
102,110,0,153.08,89,2,1,20,0,1,1,2
103,111,0,91.8,60,3,0,38,4,2,1,7
104,113,0,80.52,66,1,1,237,6,5,2,13
105,114,0,77.4,43,4,0,33,0,1,1,2
106,115,0,74.36,52,2,1,25,2,4,3,9
107,116,0,107.38,59,1,1,154,1,0,0,1
108,117,0,67.28,58,3,0,77,5,5,5,15
109,118,0,82.0,50,5,0,33,2,4,7,13
110,119,0,139.5,75,5,1,247,3,3,4,10
111,120,0,87.92,56,3,1,34,3,0,1,4
112,121,0,141.75,81,2,1,150,0,2,0,2
113,122,0,96.72,52,3,0,98,2,1,1,4
114,123,0,124.44,68,3,1,12,1,1,3,5
115,124,0,64.05,61,5,1,22,3,0,1,4
116,125,0,72.15,65,2,0,6,1,1,1,3
117,126,1,63.35,35,2,0,173,1,0,2,3
118,127,0,60.63,43,4,0,215,3,4,3,10
119,128,0,109.12,88,1,1,148,2,2,0,4
120,129,0,37.45,35,3,0,38,3,3,1,7
121,130,0,139.3,70,2,1,18,1,1,3,5
122,131,0,98.28,84,4,0,38,7,5,1,13
123,132,1,49.45,43,4,1,196,6,5,1,12
124,133,0,83.93,77,1,1,60,4,1,2,7
125,134,1,63.96,41,3,1,107,3,2,0,5
126,135,0,45.98,38,1,0,60,2,1,3,6
127,136,1,61.92,43,3,1,18,5,1,3,9
128,137,0,77.72,67,4,0,23,2,1,2,5
129,138,0,60.63,47,5,0,170,3,5,3,11
130,139,0,73.98,54,4,0,189,3,3,1,7
131,140,1,49.7,35,5,1,180,0,0,1,1
132,141,0,77.52,68,1,1,15,1,1,2,4
133,142,0,94.34,89,3,0,155,4,6,2,12
134,144,0,120.78,61,4,1,50,1,0,3,4
135,145,1,38.0,38,3,1,19,1,0,2,3
136,146,0,90.9,90,3,0,28,2,2,7,11
137,147,0,131.25,75,3,0,30,0,0,1,1
138,148,0,45.63,39,5,0,248,0,2,2,4
139,149,0,160.65,85,1,1,4,0,3,1,4
140,150,0,82.15,53,5,0,14,1,2,0,3
141,151,0,104.98,58,3,1,127,3,4,0,7
142,152,0,73.63,37,2,1,67,0,2,2,4
143,153,0,105.3,78,3,0,224,2,6,3,11
144,154,0,146.78,82,3,0,12,0,1,3,4
145,155,1,66.67,59,3,1,31,0,0,1,1
146,156,1,68.32,61,5,1,228,4,3,2,9
147,157,0,99.54,79,2,1,121,1,0,1,2
148,158,0,166.17,87,3,1,30,4,3,3,10
149,159,0,44.29,43,4,0,241,6,0,4,10
150,160,0,96.64,64,3,1,81,0,1,2,3
151,162,0,115.02,71,1,0,237,1,0,3,4
152,163,0,68.2,44,5,0,130,3,0,1,4
153,164,0,72.42,51,1,0,2,2,0,1,3
154,165,0,73.84,71,2,1,70,0,1,1,2
155,166,0,74.88,48,4,0,11,3,3,1,7
156,167,0,126.15,87,5,1,37,2,4,4,10
157,169,0,99.0,55,4,0,9,2,0,5,7
158,171,0,95.25,75,5,1,126,2,3,1,6
159,172,0,68.04,42,2,0,30,0,0,1,1
160,173,0,97.52,53,5,1,189,0,2,1,3
161,174,0,69.55,65,4,1,223,8,6,5,19
162,175,0,69.43,53,1,0,14,1,5,3,9
163,176,0,143.55,87,1,0,47,2,0,1,3
164,177,0,87.45,53,5,1,99,3,2,3,8
165,178,1,47.85,55,5,0,46,10,5,5,20
166,179,0,76.02,42,2,1,57,0,0,1,1
167,180,0,56.56,56,3,1,14,3,4,5,12
168,181,1,57.96,36,3,0,48,3,2,4,9
169,182,0,37.38,42,2,1,145,6,4,3,13
170,183,1,63.28,56,2,0,46,4,4,5,13
171,184,0,89.67,49,5,1,232,1,0,1,2
172,185,0,129.05,89,4,1,3,5,3,1,9
173,186,0,74.4,48,3,1,76,0,1,3,4
174,187,0,88.74,58,5,1,5,4,2,3,9
175,188,0,130.83,89,3,0,28,1,1,0,2
176,189,0,76.56,66,2,0,250,2,1,2,5
177,190,0,108.23,79,3,1,236,1,3,2,6
178,191,0,60.99,57,5,1,15,8,3,7,18
179,192,1,56.73,61,1,0,233,3,0,0,3
180,193,0,49.35,35,4,0,11,1,2,3,6
181,194,0,59.28,52,4,1,11,2,2,4,8
182,195,0,47.88,42,4,0,22,1,3,2,6
183,196,0,136.8,90,4,0,220,0,2,2,4
184,197,0,75.6,72,2,0,208,2,2,1,5
185,199,1,40.5,50,2,1,115,10,2,1,13
186,200,0,100.92,58,2,1,9,2,0,2,4
187,201,1,67.2,35,4,1,196,5,1,2,8
188,202,0,87.98,83,1,1,92,2,2,5,9
189,203,0,174.44,89,2,1,248,2,1,2,5
190,204,0,118.32,87,2,1,13,2,1,1,4
191,205,0,110.94,86,1,0,87,2,1,5,8
192,206,0,83.16,42,4,0,178,1,2,2,5
193,207,0,107.16,76,4,0,7,0,1,1,2
194,208,1,66.4,40,1,0,43,1,0,0,1
195,210,0,91.98,73,4,1,36,1,3,2,6
196,211,1,66.08,56,5,1,248,4,2,2,8
197,212,0,86.31,63,4,0,43,0,2,1,3
198,213,0,79.92,72,5,1,8,2,1,3,6
199,215,1,60.8,40,1,0,19,1,2,1,4
200,216,0,127.2,80,2,0,140,1,1,0,2
201,217,1,68.2,62,3,0,92,1,3,2,6
202,218,0,83.78,71,5,0,206,3,5,3,11
203,219,0,95.36,64,5,0,147,2,1,2,5
204,220,0,117.92,88,1,1,43,1,0,0,1
205,221,0,85.32,54,1,0,65,0,3,2,5
206,222,0,64.96,56,4,1,35,0,0,1,1
207,223,0,99.66,66,2,1,47,1,2,2,5
208,224,0,83.22,73,2,0,33,5,2,4,11
209,225,1,35.28,36,4,1,40,5,1,5,11
210,226,0,79.75,55,5,0,66,2,4,3,9
211,227,0,154.8,86,3,1,33,2,0,1,3
212,228,0,99.0,75,4,1,12,4,6,2,12
213,229,1,39.48,47,5,1,17,1,1,0,2
214,230,0,117.9,90,1,1,30,0,0,2,2
215,231,1,48.88,47,4,1,7,3,4,2,9
216,232,1,69.01,67,1,0,5,11,6,2,19
217,233,0,97.29,69,5,1,105,2,3,2,7
218,234,0,79.79,79,3,1,132,6,2,5,13
219,235,0,88.06,74,2,1,194,3,5,5,13
220,236,0,45.0,45,5,0,29,6,3,0,9
221,237,0,71.25,57,5,0,49,1,0,1,2
222,238,0,75.92,52,2,0,217,0,0,1,1
223,240,0,98.15,65,4,0,207,1,0,0,1
224,242,1,56.55,65,5,1,80,0,2,2,4
225,243,0,76.16,56,2,0,41,1,2,0,3
226,244,0,66.0,55,4,0,137,2,1,1,4
227,245,0,87.72,68,5,1,160,3,5,1,9
228,246,0,71.82,54,2,1,200,1,0,0,1
229,247,1,61.8,60,4,1,208,14,4,7,25
230,248,0,135.8,70,5,1,176,5,3,4,12
231,249,0,83.42,43,5,1,82,4,2,2,8
232,250,0,81.76,73,2,1,24,2,0,3,5
233,251,0,59.28,57,2,0,229,7,5,6,18
234,252,0,152.72,83,5,1,163,2,1,0,3
235,253,0,115.73,71,5,1,130,0,0,1,1
236,254,1,57.6,45,1,0,7,4,1,1,6
237,256,1,45.36,42,5,1,15,9,3,5,17
238,257,0,75.15,45,5,0,158,0,4,3,7
239,258,0,61.56,36,2,1,10,3,1,0,4
240,259,0,77.7,42,4,0,66,1,3,2,6
241,260,0,108.42,78,5,0,191,3,5,1,9
242,261,0,90.0,60,3,1,45,3,2,3,8
243,262,0,86.94,63,2,0,4,5,0,5,10
244,263,1,51.92,44,3,1,47,1,2,0,3
245,264,0,135.28,76,5,1,95,5,1,2,8
246,265,1,50.43,41,1,0,37,5,3,4,12
247,266,0,130.26,78,2,0,157,1,1,3,5
248,267,0,103.04,56,2,1,211,2,1,1,4
249,268,1,45.76,44,2,1,143,3,0,1,4
250,269,1,63.0,50,4,0,148,0,1,0,1
251,270,0,105.57,69,5,1,97,4,4,1,9
252,271,0,64.64,64,4,0,1,6,12,3,21
253,273,0,83.93,77,4,0,33,2,2,0,4
254,274,0,93.16,68,1,1,45,1,1,1,3
255,275,0,62.28,36,2,1,227,1,0,2,3
256,276,0,71.4,51,4,0,35,2,2,3,7
257,277,0,63.48,46,3,0,164,4,3,6,13
258,278,0,138.4,80,2,0,106,0,3,2,5
259,279,0,139.4,82,5,0,108,3,1,8,12
260,280,0,98.49,67,2,0,56,1,5,2,8
261,281,0,82.82,82,2,1,54,3,3,2,8
262,282,1,64.32,48,5,1,115,2,2,2,6
263,283,0,110.36,62,2,0,164,0,2,1,3
264,284,0,75.62,38,4,1,43,1,1,4,6
265,285,0,54.6,52,2,1,112,3,3,1,7
266,286,0,95.19,57,1,1,197,0,4,1,5
267,287,0,58.89,39,4,1,122,0,3,0,3
268,288,0,38.52,36,3,0,36,0,3,4,7
269,289,0,159.3,90,1,0,47,0,1,2,3
270,290,1,40.8,40,2,1,5,8,2,4,14
271,291,0,40.17,39,5,1,143,0,0,3,3
272,292,1,71.98,59,1,0,80,3,0,2,5
273,293,0,91.12,68,2,0,172,0,0,2,2
274,294,0,86.94,69,4,1,240,5,5,4,14
275,295,0,78.54,77,1,1,227,7,5,4,16
276,296,0,124.5,75,5,1,101,2,0,1,3
277,297,1,44.4,40,3,1,189,4,3,1,8
278,298,0,129.36,88,4,1,3,3,0,3,6
279,299,0,66.12,57,5,1,185,5,2,6,13
280,300,0,96.0,64,2,0,26,3,3,3,9
281,301,1,72.15,39,2,0,9,0,2,1,3
282,302,0,120.25,65,3,0,215,1,3,1,5
283,303,0,93.44,64,4,0,2,1,1,2,4
284,304,0,90.0,72,1,0,41,2,2,5,9
285,305,0,99.2,80,1,0,152,0,2,2,4
286,306,1,67.6,65,1,1,228,8,3,1,12
287,307,0,73.32,52,3,1,13,3,7,2,12
288,308,0,73.14,69,2,0,241,0,1,3,4
289,310,0,64.68,44,4,0,147,4,3,2,9
290,311,0,113.25,75,5,1,83,4,2,2,8
291,312,0,96.72,52,5,0,206,5,2,4,11
292,313,0,93.44,73,4,0,136,2,2,1,5
293,314,0,88.2,84,2,0,24,6,3,4,13
294,315,0,104.37,71,3,1,15,0,1,2,3
295,316,0,61.05,37,1,1,16,0,1,1,2
296,317,0,147.06,86,2,1,17,3,1,1,5
297,318,0,77.52,68,4,0,36,1,2,1,4
298,319,0,90.16,56,2,1,158,1,1,0,2
299,320,0,47.08,44,5,0,130,1,0,0,1
300,321,1,43.4,35,1,1,13,3,3,2,8
301,323,0,137.9,70,4,0,36,1,2,5,8
302,324,0,69.58,71,4,0,16,7,6,5,18
303,325,1,41.81,37,5,1,146,4,5,2,11
304,326,0,70.0,50,2,1,9,1,1,0,2
305,327,0,133.28,68,2,1,27,1,3,1,5
306,328,1,68.4,45,4,0,34,8,2,3,13
307,330,0,55.5,37,4,0,1,3,1,0,4
308,331,0,81.76,73,4,0,128,0,0,1,1
309,332,0,89.64,54,3,1,102,1,0,1,2
310,333,0,54.6,42,3,0,108,1,1,2,4
311,335,1,51.25,41,3,0,38,0,0,1,1
312,336,0,91.69,53,1,1,205,0,1,1,2
313,338,0,87.74,82,3,0,5,0,0,2,2
314,339,1,70.21,59,2,1,20,5,6,1,12
315,340,0,89.1,45,1,0,135,0,1,1,2
316,341,1,63.84,48,2,0,43,3,3,0,6
317,343,0,70.0,70,5,1,183,4,8,7,19
318,344,0,58.8,35,3,0,93,3,2,2,7
319,345,1,46.2,44,1,0,216,12,3,5,20
320,347,0,97.3,70,5,0,77,0,2,0,2
321,348,0,91.8,90,3,0,154,0,5,5,10
322,349,0,47.73,43,2,0,106,1,1,0,2
323,350,0,93.72,66,2,1,28,2,2,5,9
324,351,0,75.68,43,5,1,79,4,1,7,12
325,352,0,129.63,87,3,1,5,4,2,3,9
326,353,0,82.68,52,4,0,123,2,3,3,8
327,354,0,74.46,51,3,0,6,0,1,0,1
328,355,0,66.15,63,3,1,163,2,1,1,4
329,356,0,74.8,55,2,1,227,1,4,3,8
330,358,0,57.77,53,2,0,229,1,4,3,8
331,359,0,95.88,68,5,0,16,2,7,3,12
332,360,0,136.59,87,2,0,50,2,2,0,4
333,362,0,76.2,60,1,0,88,4,2,2,8
334,363,0,78.12,62,3,1,12,0,0,1,1
335,364,0,143.65,85,1,1,115,2,0,1,3
336,365,0,46.53,47,4,0,56,1,4,1,6
337,366,0,154.98,82,3,1,233,1,1,7,9
338,367,0,146.15,79,1,1,139,2,1,1,4
339,368,0,124.5,75,5,1,94,0,3,0,3
340,369,0,54.72,36,4,1,33,3,2,3,8
341,370,0,93.53,47,1,1,131,1,1,0,2
342,371,0,110.04,84,3,1,21,2,3,2,7
343,372,0,64.66,61,4,0,29,4,6,5,15
344,374,1,56.16,39,3,1,178,3,1,2,6
345,375,1,53.2,35,2,1,120,1,2,2,5
346,376,0,89.9,58,4,0,233,7,2,1,10
347,377,0,89.38,82,5,1,189,2,3,1,6
348,378,0,57.4,35,3,0,28,4,0,0,4
349,379,0,103.14,54,2,1,103,1,1,1,3
350,380,0,63.86,62,4,0,17,3,5,4,12
351,381,0,75.44,46,2,1,2,0,2,3,5
352,382,0,74.52,54,1,1,206,1,2,1,4
353,383,1,54.39,49,3,1,179,6,4,3,13
354,384,0,122.98,86,2,0,45,3,2,2,7
355,385,0,116.76,84,5,1,229,0,1,1,2
356,386,0,135.8,70,4,1,32,3,2,3,8
357,387,0,91.76,62,1,0,4,0,4,1,5
358,388,0,45.58,43,3,0,13,0,2,0,2
359,389,0,147.84,77,2,0,220,2,0,2,4
360,390,0,117.48,66,2,0,38,2,1,0,3
361,391,0,44.8,40,5,1,12,5,5,4,14
362,392,0,100.8,72,3,1,183,4,4,4,12
363,393,0,104.88,69,2,1,229,0,1,2,3
364,394,0,41.04,36,3,1,101,2,1,1,4
365,395,0,100.74,69,2,0,37,2,1,0,3
366,396,1,56.16,36,3,1,40,1,1,0,2
367,397,1,72.54,62,3,0,131,9,4,2,15
368,398,0,85.68,84,3,1,220,2,3,1,6
369,399,0,68.2,62,2,0,80,7,4,3,14
370,401,0,85.8,66,3,1,247,2,8,2,12
371,402,1,48.26,38,2,1,29,5,4,2,11
372,403,0,78.44,74,5,0,12,3,4,2,9
373,404,0,104.5,55,3,0,52,1,1,3,5
374,405,0,145.96,82,4,0,25,1,2,2,5
375,406,0,107.01,87,4,1,181,4,3,0,7
376,407,0,89.64,54,4,0,131,2,4,5,11
377,408,1,36.96,44,3,0,165,6,2,2,10
378,409,0,120.96,84,3,0,2,3,3,1,7
379,410,0,121.66,79,3,0,32,2,3,4,9
380,411,0,100.0,80,4,0,12,2,3,4,9
381,412,0,83.52,58,3,1,176,3,2,2,7
382,413,0,100.43,83,2,0,130,3,5,3,11
383,414,0,119.46,66,1,0,73,1,2,2,5
384,415,0,72.24,42,4,0,6,4,3,4,11
385,416,0,76.5,51,2,0,5,1,0,2,3
386,417,1,62.54,53,4,1,177,0,1,1,2
387,418,0,111.3,70,1,0,174,2,1,2,5
388,419,0,40.94,46,1,0,4,8,5,4,17
389,420,0,123.5,65,4,0,187,1,2,2,5
390,421,1,64.8,36,2,1,42,0,1,1,2
391,422,0,89.68,59,3,1,215,2,2,2,6
392,423,1,65.52,42,3,0,19,0,1,0,1
393,424,0,60.27,49,2,1,50,6,3,1,10
394,425,1,69.36,68,3,0,113,2,1,0,3
395,426,0,54.61,43,5,1,195,5,6,2,13
396,427,0,62.4,60,3,1,195,3,8,8,19
397,428,0,117.76,64,1,0,170,1,4,0,5
398,429,1,73.5,50,3,0,233,1,0,0,1
399,430,0,117.92,88,4,0,16,0,1,2,3
400,431,0,91.64,79,4,1,228,2,1,2,5
401,432,0,128.64,67,1,1,210,2,1,0,3
402,433,0,121.55,65,2,0,105,3,1,1,5
403,434,0,87.21,51,5,1,177,3,1,2,6
404,435,0,97.98,69,1,1,196,1,2,0,3
405,436,0,81.5,50,4,0,49,3,2,4,9
406,437,1,65.52,52,4,0,19,4,1,3,8
407,439,0,112.48,74,3,1,93,1,0,1,2
408,440,0,70.35,67,4,0,147,1,1,1,3
409,441,1,32.76,36,4,0,130,2,0,0,2
410,442,0,69.54,61,2,1,27,1,0,2,3
411,443,0,56.95,67,3,1,115,3,1,3,7
412,445,0,83.6,76,3,0,162,0,3,1,4
413,446,0,79.95,65,1,1,27,3,3,3,9
414,447,0,77.84,56,1,1,147,1,1,3,5
415,448,1,35.52,37,4,0,222,0,0,1,1
416,449,0,69.0,60,5,0,9,0,4,2,6
417,450,1,43.16,52,3,1,17,8,4,2,14
418,451,1,67.9,35,2,0,3,1,1,2,4
419,453,0,119.29,79,5,0,6,2,5,1,8
420,455,0,87.36,84,1,0,62,6,4,7,17
421,456,0,87.36,78,3,0,91,4,7,2,13
422,457,0,119.32,76,5,0,115,3,2,2,7
423,458,0,68.9,53,4,0,87,0,1,0,1
424,459,0,52.5,42,1,1,21,0,3,1,4
425,460,0,158.26,82,1,0,121,4,0,1,5
426,462,0,82.99,43,3,1,6,1,7,2,10
427,463,0,85.4,70,1,0,9,2,1,2,5
428,464,0,72.8,40,3,1,11,1,3,2,6
429,465,0,84.15,55,2,0,5,1,1,0,2
430,466,0,95.04,72,3,1,33,2,5,5,12
431,467,0,77.08,82,5,0,183,2,1,2,5
432,468,0,67.84,64,4,1,99,4,1,4,9
433,469,0,90.5,50,1,0,124,0,2,1,3
434,470,0,163.51,83,5,1,56,5,1,3,9
435,471,0,115.52,76,3,1,45,5,2,2,9
436,472,0,65.55,57,3,1,24,0,0,1,1
437,473,0,130.4,80,3,1,229,1,1,3,5
438,474,0,107.92,76,1,1,16,1,0,0,1
439,475,0,95.06,49,2,0,76,0,1,1,2
440,476,0,91.85,55,5,0,196,0,1,1,2
441,477,1,69.93,63,3,0,140,4,0,1,5
442,478,0,117.6,80,4,0,209,0,0,1,1
443,479,0,79.54,41,1,0,49,1,0,3,4
444,480,0,159.2,80,1,0,113,2,1,1,4
445,481,1,64.26,54,4,1,47,4,4,5,13
446,482,0,61.41,69,4,0,32,1,1,2,4
447,483,1,51.5,50,5,0,50,8,5,12,25
448,484,0,74.49,39,4,0,35,3,3,3,9
449,485,0,127.92,82,4,0,33,2,3,5,10
450,486,0,134.75,77,1,0,209,1,3,0,4
451,489,0,80.56,53,1,1,47,1,1,1,3
452,490,0,48.48,48,5,0,234,1,2,6,9
453,491,0,94.5,63,4,1,238,4,5,4,13
454,492,0,45.32,44,4,1,12,5,7,1,13
455,493,0,80.6,62,4,0,37,0,2,0,2
456,494,0,121.5,90,2,0,17,2,5,2,9
457,495,0,90.5,50,1,0,23,0,1,1,2
458,496,0,115.08,84,5,0,96,4,5,3,12
459,497,0,115.52,76,2,0,188,2,1,1,4
460,498,0,86.24,49,2,1,21,0,0,1,1
461,499,0,56.73,61,4,0,47,4,9,7,20
462,500,0,118.26,81,4,0,20,4,2,3,9
463,501,0,75.02,62,4,0,21,6,3,1,10
464,503,0,99.0,66,1,1,212,0,1,1,2
465,504,0,91.44,72,5,0,6,0,3,2,5
466,505,0,123.51,69,3,0,11,1,1,2,4
467,506,0,63.36,44,3,1,174,3,5,2,10
468,507,0,74.34,59,3,1,30,0,1,1,2
469,508,0,128.16,89,5,1,61,4,1,1,6
470,509,0,148.77,87,4,1,91,0,0,1,1
471,510,0,50.0,40,2,1,9,0,6,1,7
472,511,1,59.22,47,3,1,174,4,1,2,7
473,512,1,65.28,51,1,0,152,4,0,3,7
474,513,0,92.61,49,1,1,17,0,2,2,4
475,514,1,57.57,57,5,1,68,5,2,1,8
476,515,0,87.6,60,1,0,223,2,2,0,4
477,516,0,142.0,71,3,1,187,1,1,1,3
478,517,0,103.24,58,1,1,20,1,2,1,4
479,518,0,62.64,58,2,1,150,3,2,8,13
480,519,0,52.4,40,4,1,32,3,2,3,8
481,520,1,40.0,40,1,0,45,1,1,1,3
482,521,0,93.45,89,2,0,249,4,3,6,13
483,522,0,76.26,62,2,0,34,5,3,4,12
484,524,0,76.65,73,2,0,47,12,2,5,19
485,525,0,103.6,56,5,1,62,3,3,3,9
486,526,0,66.24,46,1,1,113,2,1,0,3
487,527,0,86.62,71,5,1,39,1,0,1,2
488,529,0,128.02,74,4,1,99,3,0,3,6
489,530,0,75.69,87,3,0,2,2,1,4,7
490,531,0,84.0,56,4,1,141,5,4,4,13
491,532,0,125.84,88,3,1,42,3,4,1,8
492,533,0,60.6,60,1,1,4,5,8,3,16
493,534,1,47.08,44,4,1,23,4,2,1,7
494,535,0,107.01,87,2,1,29,1,2,0,3
495,536,0,164.7,90,5,1,33,1,6,4,11
496,539,0,89.1,54,2,0,28,1,1,2,4
497,540,0,49.14,42,3,1,58,3,3,4,10
498,541,0,136.85,85,3,0,136,2,4,3,9
499,542,0,98.8,76,3,0,3,5,4,3,12
500,543,0,72.08,53,3,1,237,0,1,1,2
501,544,0,116.22,78,2,1,6,2,2,4,8
502,545,0,84.6,47,2,1,190,2,2,1,5
503,546,0,79.9,47,1,0,92,1,1,0,2
504,547,0,71.81,43,2,0,45,1,1,1,3
505,548,0,73.72,38,4,0,68,2,1,1,4
506,549,0,100.36,52,2,1,15,1,0,1,2
507,550,0,102.4,64,1,1,10,0,1,0,1
508,551,0,114.75,85,4,1,29,5,3,3,11
509,552,1,60.9,42,1,1,46,3,0,2,5
510,553,0,80.77,41,5,0,220,1,2,1,4
511,554,0,59.45,41,5,0,43,1,0,1,2
512,555,0,57.82,49,3,0,52,3,3,2,8
513,556,0,85.2,60,4,1,20,5,3,4,12
514,557,0,123.2,88,3,0,22,1,3,3,7
515,558,0,80.3,55,3,1,166,3,1,1,5
516,559,0,75.71,67,1,1,23,3,4,0,7
517,561,0,55.0,50,3,1,9,2,1,4,7
518,562,0,57.6,48,2,1,25,2,1,1,4
519,563,0,91.14,62,4,1,98,0,3,3,6
520,564,0,46.98,58,4,0,160,5,6,7,18
521,565,0,143.65,85,1,0,61,0,1,1,2
522,566,0,101.12,79,4,1,177,1,0,0,1
523,567,0,165.54,89,4,0,41,3,3,0,6
524,568,0,45.58,43,5,1,21,4,6,5,15
525,569,1,50.92,38,4,0,17,5,4,2,11
526,570,0,171.77,89,2,0,140,0,2,0,2
527,571,0,118.3,70,1,1,23,2,2,1,5
528,572,0,108.8,85,3,1,39,2,5,1,8
529,573,0,97.52,53,1,1,101,2,0,1,3
530,574,0,142.2,79,4,1,29,2,1,2,5
531,575,0,50.49,51,2,0,102,1,3,5,9
532,576,1,45.98,38,2,0,96,4,6,1,11
533,577,0,87.21,57,1,0,84,4,0,1,5
534,578,0,122.76,66,3,0,115,4,1,3,8
535,581,0,131.88,84,4,1,83,0,3,3,6
536,582,1,60.6,60,5,0,36,9,7,4,20
537,583,0,147.42,81,4,1,242,0,1,0,1
538,584,0,54.6,35,4,0,225,6,3,1,10
539,585,0,101.12,79,3,0,2,0,1,2,3
540,586,0,75.6,60,2,0,10,3,1,3,7
541,588,0,144.4,76,2,1,8,0,1,0,1
542,589,0,127.5,75,2,1,12,1,2,0,3
543,591,0,102.3,55,4,1,130,3,2,0,5
544,592,0,145.04,74,5,0,44,2,2,0,4
545,593,0,113.68,58,4,0,236,0,1,3,4
546,594,0,87.1,65,4,1,18,4,3,3,10
547,595,1,49.29,53,3,1,34,5,3,3,11
548,596,0,89.1,81,1,1,214,3,2,1,6
549,598,0,126.36,78,1,1,171,0,1,0,1
550,599,0,73.6,46,3,0,26,2,1,2,5
551,600,0,76.85,53,1,1,206,2,0,2,4
552,601,1,59.15,35,2,0,155,0,0,1,1
553,602,0,76.32,72,3,0,183,0,1,1,2
554,603,1,72.42,51,4,0,101,5,3,2,10
555,604,0,121.39,61,2,0,9,3,0,1,4
556,605,0,111.72,57,2,0,186,2,1,1,4
557,606,0,96.0,75,2,0,32,6,1,4,11
558,607,0,58.32,54,2,0,204,7,6,7,20
559,608,0,51.94,49,3,0,87,0,3,2,5
560,609,0,97.17,79,4,1,28,2,0,1,3
561,610,0,112.66,86,2,0,193,0,0,2,2
562,611,0,98.28,54,4,1,151,2,3,2,7
563,612,0,137.24,73,4,0,113,1,4,3,8
564,613,0,86.8,62,3,1,10,0,1,1,2
565,614,1,54.74,46,5,1,166,5,3,2,10
566,615,0,80.24,59,4,0,97,1,2,2,5
567,616,0,106.11,81,1,1,13,0,1,0,1
568,617,1,63.96,78,3,1,217,12,5,1,18
569,618,1,58.75,47,4,0,35,2,1,2,5
570,619,0,83.52,58,2,1,144,6,1,3,10
571,620,0,97.09,73,1,1,49,2,3,0,5
572,621,1,41.81,37,1,1,72,2,1,0,3
573,622,0,94.53,69,5,0,11,2,2,4,8
574,623,0,46.46,46,4,1,7,4,6,5,15
575,624,0,64.8,72,1,0,178,1,1,0,2
576,625,0,133.17,69,2,1,35,0,0,1,1
577,626,0,77.88,59,5,0,71,1,7,6,14
578,627,1,51.2,40,5,0,48,6,3,1,10
579,628,0,95.14,67,4,0,128,4,1,2,7
580,629,0,65.17,49,2,0,129,3,0,0,3
581,630,0,84.18,46,2,1,121,3,0,2,5
582,631,0,61.6,55,1,1,7,3,3,3,9
583,632,0,99.84,64,1,1,181,1,0,2,3
584,633,0,113.24,76,1,1,35,1,0,3,4
585,634,0,83.43,81,4,1,4,7,3,11,21
586,636,0,77.72,67,5,1,39,8,2,4,14
587,637,1,60.04,38,5,0,205,1,0,0,1
588,638,0,82.8,69,4,1,206,1,1,0,2
589,639,0,90.0,75,5,1,101,0,1,0,1
590,640,0,165.3,87,3,0,49,0,2,0,2
591,641,0,145.78,74,3,0,32,1,0,3,4
592,642,0,50.54,38,4,0,239,2,4,5,11
593,643,0,109.62,87,3,1,35,3,5,1,9
594,645,1,48.64,38,4,0,87,4,3,0,7
595,646,0,55.65,53,2,0,100,3,0,3,6
596,647,0,60.72,46,5,0,139,3,1,5,9
597,648,1,72.54,78,5,1,21,8,7,3,18
598,649,0,106.14,87,2,0,111,1,1,2,4
599,650,0,72.67,43,5,0,67,3,2,1,6
600,651,1,71.28,88,1,0,35,4,8,6,18
601,652,0,79.1,70,3,1,102,3,5,4,12
602,653,0,95.25,75,2,0,12,5,5,2,12
603,655,0,126.7,70,4,1,43,2,2,0,4
604,656,0,101.2,88,2,0,105,3,1,2,6
605,657,0,109.12,88,3,1,87,0,2,1,3
606,658,0,97.8,60,3,1,32,1,2,0,3
607,659,0,96.8,80,2,1,209,3,2,4,9
608,660,0,90.3,70,3,0,2,3,1,1,5
609,661,0,85.68,84,4,1,8,4,5,3,12
610,662,0,84.0,84,1,1,147,3,4,8,15
611,663,0,108.57,77,3,1,25,1,0,2,3
612,664,0,94.4,59,3,0,43,1,3,3,7
613,665,0,74.5,50,3,0,206,0,1,2,3
614,666,0,84.55,89,3,1,228,3,3,1,7
615,667,0,116.96,86,3,0,1,3,0,1,4
616,668,0,43.7,38,2,1,46,1,0,1,2
617,669,0,42.64,41,4,0,41,5,2,8,15
618,670,0,100.92,87,3,1,60,3,4,7,14
619,671,0,138.84,78,3,0,237,2,3,2,7
620,673,0,93.01,71,2,1,5,2,5,3,10
621,674,0,145.08,78,3,1,45,3,2,0,5
622,675,0,82.55,65,3,1,57,2,2,1,5
623,676,1,58.96,44,1,0,49,3,0,2,5
624,677,1,66.24,69,5,1,143,3,5,1,9
625,678,0,74.16,72,1,1,2,2,0,1,3
626,679,0,102.75,75,4,1,6,2,3,1,6
627,680,0,97.15,67,2,1,29,0,1,2,3
628,681,0,108.9,90,2,1,220,1,0,0,1
629,684,0,104.13,89,1,0,218,2,5,4,11
630,685,1,69.36,51,2,0,12,0,0,1,1
631,686,1,58.52,38,2,0,14,4,1,0,5
632,687,0,82.62,81,2,1,10,10,10,5,25
633,688,0,71.52,48,2,1,41,4,2,2,8
634,689,0,125.29,67,1,0,123,0,2,0,2
635,690,1,58.14,57,4,0,24,13,4,7,24
636,691,0,91.45,59,3,1,164,0,0,1,1
637,692,0,103.66,73,5,0,15,5,2,5,12
638,693,0,74.26,47,1,0,32,0,1,0,1
639,694,0,62.55,45,5,0,18,2,3,1,6
640,695,0,89.6,70,3,0,184,1,3,4,8
641,696,1,60.48,36,1,1,111,3,2,0,5
642,697,0,62.35,43,4,1,195,4,5,4,13
643,698,0,82.32,56,4,1,181,1,0,3,4
644,699,0,96.36,66,3,0,33,2,1,0,3
645,700,0,96.9,51,4,1,1,0,2,1,3
646,701,0,88.83,47,5,1,151,2,4,7,13
647,702,0,131.04,72,3,1,31,0,2,2,4
648,703,0,142.56,81,1,1,26,2,1,1,4
649,704,0,48.36,52,3,0,147,7,6,5,18
650,705,0,145.04,74,4,1,78,3,4,0,7
651,707,0,97.9,89,2,1,148,5,6,2,13
652,708,0,132.86,73,2,0,66,1,0,1,2
653,709,1,47.12,38,5,1,156,7,1,0,8
654,710,0,78.47,59,5,0,168,1,1,1,3
655,711,0,80.36,41,4,0,51,0,1,3,4
656,712,0,81.2,56,2,1,29,3,4,2,9
657,713,0,77.25,75,1,0,184,0,1,1,2
658,714,0,87.72,86,2,1,85,4,7,2,13
659,715,0,113.9,67,4,1,5,3,5,4,12
660,716,0,75.52,64,3,0,14,2,1,1,4
661,717,0,78.69,61,5,1,186,2,0,3,5
662,718,0,77.74,46,4,0,2,4,5,1,10
663,719,0,98.28,63,5,0,98,3,3,3,9
664,720,0,117.04,88,5,0,199,8,4,3,15
665,721,0,85.68,56,2,0,132,1,0,0,1
666,722,0,65.92,64,1,0,45,3,2,3,8
667,723,1,65.12,37,4,1,8,4,3,1,8
668,724,0,47.56,41,3,0,196,6,5,4,15
669,725,0,62.79,39,3,1,8,4,3,3,10
670,726,0,166.5,90,1,1,33,0,1,0,1
671,727,0,81.34,49,4,1,18,0,5,4,9
672,728,0,89.11,67,3,1,37,0,0,2,2
673,729,0,72.9,54,2,1,36,1,0,1,2
674,730,0,143.1,90,2,1,12,1,0,1,2
675,731,0,93.44,64,1,0,159,0,2,0,2
676,732,0,102.7,79,3,1,13,3,0,0,3
677,733,1,60.42,38,5,0,87,3,0,3,6
678,734,0,63.24,62,1,0,243,4,5,8,17
679,735,0,79.56,68,4,1,36,4,1,2,7
680,736,0,118.4,64,4,1,43,1,3,1,5
681,737,0,49.61,41,1,1,168,2,3,0,5
682,739,0,104.5,55,5,0,13,4,0,2,6
683,740,0,62.72,56,3,0,29,4,4,4,12
684,741,0,137.52,72,3,0,88,0,0,1,1
685,742,0,63.25,55,4,1,139,3,2,3,8
686,743,0,40.18,41,5,1,27,1,1,1,3
687,744,0,146.91,83,2,0,164,1,0,0,1
688,745,0,64.48,52,5,0,197,4,1,6,11
689,746,0,113.28,59,1,0,198,2,2,0,4
690,747,0,82.28,68,3,1,53,2,2,3,7
691,748,0,146.7,90,4,0,51,3,2,3,8
692,749,0,83.22,73,2,0,230,5,4,6,15
693,750,0,115.8,60,3,0,1,1,3,2,6
694,751,0,49.95,37,4,0,30,5,4,2,11
695,752,0,115.2,80,5,0,195,2,3,4,9
696,753,1,72.57,59,3,1,108,4,2,3,9
697,754,1,71.34,58,2,0,183,6,5,2,13
698,756,0,74.88,64,3,0,71,2,0,0,2
699,757,0,106.6,65,4,1,78,1,2,0,3
700,759,1,60.48,36,1,1,208,3,2,0,5
701,762,0,85.36,44,5,1,186,1,0,2,3
702,763,0,67.16,46,2,0,25,2,2,1,5
703,764,1,69.01,67,5,1,10,6,3,3,12
704,766,0,83.84,64,5,0,226,2,1,1,4
705,767,0,93.44,73,4,1,5,0,2,2,4
706,768,0,117.04,88,4,0,93,3,2,3,8
707,769,0,98.31,87,3,0,235,1,5,1,7
708,770,0,101.48,59,5,0,18,4,4,4,12
709,772,0,146.94,79,2,1,35,0,2,0,2
710,773,0,55.35,45,4,1,11,0,1,1,2
711,774,0,72.93,39,5,0,3,2,1,1,4
712,775,0,103.68,64,2,0,111,2,1,1,4
713,776,0,105.3,81,4,0,111,3,4,5,12
714,777,0,68.44,58,4,0,211,1,6,1,8
715,778,0,46.36,38,2,1,16,6,1,4,11
716,779,1,65.56,44,4,0,42,4,1,5,10
717,780,0,74.67,57,4,0,23,1,4,1,6
718,781,1,70.5,47,3,0,74,4,0,1,5
719,782,0,55.47,43,5,1,34,1,0,0,1
720,784,0,129.86,86,3,0,52,2,1,1,4
721,786,0,86.0,86,2,1,27,0,2,0,2
722,787,0,151.2,80,3,0,20,1,4,2,7
723,788,0,96.66,54,4,0,250,0,3,0,3
724,789,1,63.72,36,1,0,198,2,3,0,5
725,790,0,58.41,59,3,1,222,10,2,3,15
726,791,0,74.74,74,2,0,204,5,3,4,12
727,792,0,82.14,74,1,1,34,3,3,6,12
728,794,0,155.66,86,2,0,5,0,0,2,2
729,795,0,74.75,65,2,1,206,3,3,3,9
730,796,0,95.2,70,3,0,9,2,1,4,7
731,797,0,131.04,84,3,0,51,1,2,1,4
732,798,0,147.92,86,1,1,35,1,2,1,4
733,799,0,124.25,71,4,1,28,2,1,2,5
734,800,0,48.4,44,1,0,107,5,4,6,15
735,801,0,94.72,74,1,1,15,2,3,0,5
736,802,0,84.66,83,1,0,22,4,1,3,8
737,804,0,74.73,53,5,1,43,6,5,2,13
738,805,0,113.05,85,3,1,15,2,2,3,7
739,806,0,86.32,83,3,0,13,0,1,1,2
740,807,1,54.21,39,4,0,67,2,3,3,8
741,808,0,96.72,62,4,0,9,5,1,6,12
742,809,0,171.77,89,2,1,10,0,1,1,2
743,810,0,93.48,82,5,0,11,4,2,7,13
744,811,0,82.55,65,4,0,221,3,1,2,6
745,812,0,86.86,86,1,0,142,7,11,6,24
746,813,0,43.43,43,5,0,11,6,6,2,14
747,814,0,80.64,48,1,1,172,0,3,0,3
748,816,0,93.0,50,2,0,111,1,3,0,4
749,817,1,64.86,47,4,1,42,0,1,0,1
750,818,0,100.98,54,2,0,22,1,1,0,2
751,820,0,51.66,41,1,0,110,2,5,1,8
752,821,0,166.5,90,3,1,6,4,3,0,7
753,822,0,117.78,78,2,0,84,2,2,1,5
754,824,0,79.43,47,5,0,29,4,5,3,12
755,825,0,65.12,44,2,1,210,4,3,1,8
756,826,0,127.68,76,2,1,246,1,1,0,2
757,827,0,97.68,88,2,0,122,3,0,3,6
758,828,1,46.36,38,4,0,18,1,0,2,3
759,829,0,91.77,57,5,0,35,5,1,1,7
760,830,0,107.4,60,4,1,36,2,2,1,5
761,831,0,96.56,71,4,1,45,1,0,1,2
762,832,0,94.5,70,2,1,28,5,1,1,7
763,833,0,85.8,52,4,0,74,0,1,2,3
764,834,0,72.16,82,4,1,90,0,2,1,3
765,835,0,124.2,90,2,0,227,0,0,1,1
766,836,0,110.76,71,5,0,98,5,2,2,9
767,837,0,94.62,57,3,0,3,4,2,3,9
768,838,0,128.76,74,3,0,24,2,1,0,3
769,839,0,87.04,68,4,0,83,2,6,4,12
770,840,0,103.95,77,3,1,175,2,1,0,3
771,841,0,97.24,68,5,0,26,0,1,1,2
772,842,0,107.25,75,3,1,20,5,2,4,11
773,843,1,72.93,51,5,0,45,4,3,4,11
774,844,0,88.35,57,4,1,82,4,0,2,6
775,845,0,79.8,70,4,1,36,1,2,0,3
776,846,0,77.04,72,1,1,106,2,4,3,9
777,847,0,64.96,56,5,0,245,4,5,3,12
778,848,0,121.55,85,5,0,121,2,1,1,4
779,849,1,46.8,40,4,1,83,3,1,4,8
780,850,0,113.4,84,4,0,200,3,3,1,7
781,851,0,93.48,82,5,1,32,0,3,2,5
782,852,0,108.87,57,1,1,21,1,0,1,2
783,853,1,41.36,44,5,1,36,6,2,2,10
784,854,0,82.16,79,3,0,39,8,7,4,19
785,855,0,93.0,62,3,1,1,1,0,0,1
786,857,0,128.35,85,2,1,249,0,0,1,1
787,858,0,81.2,58,3,0,219,1,3,6,10
788,860,0,67.9,35,4,1,223,4,0,2,6
789,861,0,146.2,86,3,1,22,1,1,0,2
790,862,1,54.18,43,4,0,193,3,1,0,4
791,863,0,93.62,62,2,0,36,2,0,0,2
792,864,0,68.4,38,4,1,68,2,2,0,4
793,865,0,74.24,64,2,0,25,2,1,1,4
794,866,1,69.03,39,4,0,186,2,1,0,3
795,867,0,101.52,72,3,0,43,2,5,0,7
796,869,1,62.37,77,3,1,176,4,3,6,13
797,870,0,126.9,90,4,1,47,1,4,4,9
798,871,0,124.2,69,3,1,47,0,4,2,6
799,872,0,102.3,66,3,0,197,0,1,1,2
800,873,0,116.96,86,2,0,169,1,0,1,2
801,874,0,145.14,82,1,1,25,0,1,1,2
802,876,0,83.75,67,3,0,25,2,1,2,5
803,877,0,116.44,82,3,1,13,1,7,5,13
804,878,0,43.2,54,1,1,80,1,5,6,12
805,880,0,75.25,43,4,1,23,1,1,0,2
806,881,1,62.13,57,1,1,54,8,2,3,13
807,882,0,114.21,81,5,0,19,2,4,6,12
808,883,0,58.74,66,5,0,233,5,2,4,11
809,884,0,40.95,35,2,1,16,4,3,3,10
810,885,0,82.08,54,3,1,5,2,1,2,5
811,887,0,78.54,51,4,1,22,3,2,3,8
812,888,0,119.52,83,4,1,82,3,2,3,8
813,889,0,82.36,71,5,1,63,4,4,7,15
814,890,0,108.9,66,5,0,176,3,5,4,12
815,891,1,72.1,70,3,1,204,2,0,1,3
816,892,0,45.36,42,4,0,18,1,2,0,3
817,893,1,65.17,49,2,0,48,3,2,4,9
818,894,0,127.36,64,1,1,146,2,1,1,4
819,896,0,97.28,76,5,0,192,3,2,1,6
820,897,0,88.66,62,5,0,127,2,6,5,13
821,898,1,49.6,62,2,1,125,10,3,2,15
822,899,0,99.9,74,3,1,101,2,1,1,4
823,900,1,56.1,55,4,1,248,5,1,1,7
824,901,0,66.88,38,5,0,8,0,1,0,1
825,904,1,46.08,36,4,0,15,7,3,2,12
826,906,0,126.42,86,5,1,175,2,6,2,10
827,907,0,60.0,40,2,0,12,0,8,1,9
828,908,0,51.12,36,2,1,149,4,0,3,7
829,909,0,89.7,65,4,1,127,2,1,0,3
830,910,0,52.8,44,2,1,50,1,3,3,7
831,912,0,47.25,45,4,1,51,1,2,1,4
832,913,0,100.32,88,3,1,10,4,4,1,9
833,914,0,98.5,50,4,1,3,0,1,1,2
834,915,0,54.56,44,4,1,10,4,2,4,10
835,916,0,77.52,51,1,1,37,0,2,0,2
836,917,0,103.68,64,4,0,39,6,2,3,11
837,918,1,48.84,37,5,1,3,7,1,2,10
838,919,0,67.2,60,2,0,110,6,4,4,14
839,920,0,105.02,89,3,0,217,1,2,0,3
840,921,0,100.74,69,4,1,238,4,4,5,13
841,922,1,61.95,59,4,1,21,6,1,1,8
842,923,0,91.5,50,3,1,30,1,1,1,3
843,924,0,80.24,68,1,1,71,8,3,1,12
844,926,0,95.88,68,5,0,107,4,5,2,11
845,927,0,94.56,48,3,0,176,5,1,4,10
846,928,0,128.79,81,5,1,178,2,2,3,7
847,929,0,85.33,53,3,1,182,1,1,3,5
848,930,0,140.6,76,5,1,15,1,0,2,3
849,931,0,114.0,60,4,1,14,2,1,0,3
850,932,0,93.8,67,3,1,198,4,5,2,11
851,933,1,70.4,55,2,1,82,1,1,1,3
852,934,1,65.34,54,2,0,32,9,4,0,13
853,935,0,96.48,72,2,1,1,2,0,7,9
854,936,0,157.6,80,4,1,29,1,6,3,10
855,937,1,45.45,45,4,0,9,6,9,5,20
856,938,1,43.26,42,2,1,65,2,3,2,7
857,939,0,59.8,52,4,1,19,5,4,3,12
858,940,0,62.48,44,5,0,186,0,2,1,3
859,941,0,145.35,85,3,0,12,1,0,5,6
860,942,0,96.39,81,1,0,128,2,3,1,6
861,943,0,45.58,43,4,1,39,8,3,7,18
862,946,0,106.26,77,1,0,36,0,2,1,3
863,947,1,62.62,62,2,0,17,6,3,1,10
864,948,0,105.78,86,2,1,98,3,2,6,11
865,949,0,66.72,48,5,1,150,6,2,2,10
866,950,1,69.81,39,1,1,128,3,1,1,5
867,951,0,133.2,72,4,0,47,2,2,2,6
868,952,0,40.5,45,4,0,21,4,3,4,11
869,953,0,76.97,43,2,1,7,1,2,1,4
870,954,0,101.2,88,4,1,107,3,3,0,6
871,956,1,45.0,36,2,1,247,5,0,2,7
872,957,0,87.4,76,4,1,165,3,4,2,9
873,958,0,134.19,71,5,1,34,4,4,5,13
874,959,0,113.04,72,1,0,14,0,0,1,1
875,960,1,41.82,41,1,0,18,6,5,3,14
876,961,1,42.57,43,4,0,44,7,0,7,14
877,962,0,89.0,89,2,1,59,3,5,5,13
878,963,0,78.75,75,5,0,26,1,2,1,4
879,964,1,60.2,43,2,0,41,2,1,0,3
880,965,0,116.1,86,4,0,212,4,2,2,8
881,966,0,101.25,75,1,1,150,1,2,2,5
882,967,0,96.28,83,3,1,18,1,3,3,7
883,968,1,51.45,49,5,1,50,6,4,4,14
884,970,0,70.11,57,2,1,132,5,4,4,13
885,971,0,81.36,72,3,1,49,7,3,3,13
886,975,0,58.32,36,5,1,124,6,2,4,12
887,976,0,48.84,44,3,1,87,2,2,4,8
888,977,0,147.6,90,4,0,136,4,3,4,11
889,978,0,70.08,73,5,0,17,4,2,6,12
890,979,0,109.12,62,4,0,118,4,3,2,9
891,980,0,80.85,77,3,1,248,2,4,2,8
892,981,0,100.86,82,1,1,36,2,1,6,9
893,982,0,104.4,58,4,1,135,3,0,1,4
894,983,0,74.48,56,1,1,81,1,2,2,5
895,984,1,41.07,37,2,0,113,1,2,1,4
896,985,0,72.96,57,4,1,179,4,0,3,7
897,986,1,60.0,40,3,0,137,1,1,3,5
898,987,0,159.36,83,3,1,77,1,1,0,2
899,988,0,127.82,77,4,1,2,1,2,0,3
900,989,0,82.5,66,1,1,21,0,1,0,1
901,990,1,49.2,41,1,1,50,5,2,0,7
902,991,0,97.51,49,1,0,38,1,1,0,2
903,993,1,67.68,36,3,1,126,1,0,0,1
904,994,1,44.08,38,2,1,207,6,3,4,13
905,995,0,146.61,81,2,1,88,1,2,2,5
906,996,0,39.9,38,2,1,16,4,10,5,19
907,997,0,74.34,63,2,0,61,5,1,3,9
908,998,0,139.32,81,4,0,35,3,2,1,6
909,999,0,72.76,68,4,1,199,1,1,7,9
910,1000,0,76.44,42,4,1,92,1,4,2,7
